{
  "model_path": "Qwen/Qwen2.5-1.5B",
  "timestamp": "2026-05-28T06:40:26.966280+00:00",
  "benchmarks": [
    "gsm8k",
    "mmlu"
  ],
  "results": {
    "gsm8k": {
      "accuracy": 0.4306292645943897,
      "num_fewshot": 0,
      "dataset": "openai/gsm8k (test)"
    },
    "mmlu": {
      "accuracy": 0.5950719270759152,
      "num_fewshot": 5,
      "num_subjects": 57,
      "per_subject": {
        "abstract_algebra": 0.37,
        "anatomy": 0.5333333333333333,
        "astronomy": 0.7171052631578947,
        "business_ethics": 0.73,
        "clinical_knowledge": 0.6566037735849056,
        "college_biology": 0.6944444444444444,
        "college_chemistry": 0.45,
        "college_computer_science": 0.53,
        "college_mathematics": 0.41,
        "college_medicine": 0.6358381502890174,
        "college_physics": 0.43137254901960786,
        "computer_security": 0.78,
        "conceptual_physics": 0.6,
        "econometrics": 0.47368421052631576,
        "electrical_engineering": 0.6551724137931034,
        "elementary_mathematics": 0.4973544973544973,
        "formal_logic": 0.4523809523809524,
        "global_facts": 0.37,
        "high_school_biology": 0.7419354838709677,
        "high_school_chemistry": 0.5320197044334976,
        "high_school_computer_science": 0.62,
        "high_school_european_history": 0.21818181818181817,
        "high_school_geography": 0.803030303030303,
        "high_school_government_and_politics": 0.7668393782383419,
        "high_school_macroeconomics": 0.6820512820512821,
        "high_school_mathematics": 0.4111111111111111,
        "high_school_microeconomics": 0.6722689075630253,
        "high_school_physics": 0.3973509933774834,
        "high_school_psychology": 0.8201834862385321,
        "high_school_statistics": 0.5092592592592593,
        "high_school_us_history": 0.27941176470588236,
        "high_school_world_history": 0.7637130801687764,
        "human_aging": 0.6547085201793722,
        "human_sexuality": 0.7099236641221374,
        "international_law": 0.7933884297520661,
        "jurisprudence": 0.8148148148148148,
        "logical_fallacies": 0.7116564417177914,
        "machine_learning": 0.38392857142857145,
        "management": 0.8058252427184466,
        "marketing": 0.8547008547008547,
        "medical_genetics": 0.69,
        "miscellaneous": 0.7369093231162197,
        "moral_disputes": 0.684971098265896,
        "moral_scenarios": 0.2837988826815642,
        "nutrition": 0.7026143790849673,
        "philosophy": 0.6655948553054662,
        "prehistory": 0.6944444444444444,
        "professional_accounting": 0.48936170212765956,
        "professional_law": 0.455019556714472,
        "professional_medicine": 0.6029411764705882,
        "professional_psychology": 0.5931372549019608,
        "public_relations": 0.6363636363636364,
        "security_studies": 0.7061224489795919,
        "sociology": 0.7910447761194029,
        "us_foreign_policy": 0.78,
        "virology": 0.4879518072289157,
        "world_religions": 0.8187134502923976
      }
    }
  }
}