{
  "model_path": "grpo/grpo_qwen_gsm8k/final",
  "timestamp": "2026-05-31T10:10:43.176070+00:00",
  "benchmarks": [
    "gsm8k",
    "mmlu"
  ],
  "results": {
    "gsm8k": {
      "accuracy": 0.7050796057619408,
      "num_fewshot": 0,
      "dataset": "openai/gsm8k (test)"
    },
    "mmlu": {
      "accuracy": 0.5978493092152115,
      "num_fewshot": 5,
      "num_subjects": 57,
      "per_subject": {
        "abstract_algebra": 0.4,
        "anatomy": 0.5407407407407407,
        "astronomy": 0.7171052631578947,
        "business_ethics": 0.73,
        "clinical_knowledge": 0.660377358490566,
        "college_biology": 0.7083333333333334,
        "college_chemistry": 0.42,
        "college_computer_science": 0.51,
        "college_mathematics": 0.36,
        "college_medicine": 0.653179190751445,
        "college_physics": 0.46078431372549017,
        "computer_security": 0.78,
        "conceptual_physics": 0.6085106382978723,
        "econometrics": 0.47368421052631576,
        "electrical_engineering": 0.6758620689655173,
        "elementary_mathematics": 0.5079365079365079,
        "formal_logic": 0.4444444444444444,
        "global_facts": 0.33,
        "high_school_biology": 0.7580645161290323,
        "high_school_chemistry": 0.5517241379310345,
        "high_school_computer_science": 0.62,
        "high_school_european_history": 0.21818181818181817,
        "high_school_geography": 0.8131313131313131,
        "high_school_government_and_politics": 0.7616580310880829,
        "high_school_macroeconomics": 0.6871794871794872,
        "high_school_mathematics": 0.4222222222222222,
        "high_school_microeconomics": 0.6638655462184874,
        "high_school_physics": 0.4105960264900662,
        "high_school_psychology": 0.8238532110091743,
        "high_school_statistics": 0.5,
        "high_school_us_history": 0.2696078431372549,
        "high_school_world_history": 0.7637130801687764,
        "human_aging": 0.6502242152466368,
        "human_sexuality": 0.732824427480916,
        "international_law": 0.8016528925619835,
        "jurisprudence": 0.8148148148148148,
        "logical_fallacies": 0.7116564417177914,
        "machine_learning": 0.38392857142857145,
        "management": 0.8058252427184466,
        "marketing": 0.8632478632478633,
        "medical_genetics": 0.71,
        "miscellaneous": 0.7420178799489144,
        "moral_disputes": 0.6907514450867052,
        "moral_scenarios": 0.2737430167597765,
        "nutrition": 0.7058823529411765,
        "philosophy": 0.6720257234726688,
        "prehistory": 0.7006172839506173,
        "professional_accounting": 0.4858156028368794,
        "professional_law": 0.4661016949152542,
        "professional_medicine": 0.5955882352941176,
        "professional_psychology": 0.5898692810457516,
        "public_relations": 0.6363636363636364,
        "security_studies": 0.7061224489795919,
        "sociology": 0.7860696517412935,
        "us_foreign_policy": 0.78,
        "virology": 0.4759036144578313,
        "world_religions": 0.8245614035087719
      }
    }
  }
}