{
  "model_path": "moe/moe_sft_gsm8k/final",
  "base_model": "moe/qwen_moe_init",
  "moe_config": {
    "num_experts": 3,
    "k": 2,
    "capacity_factor": 2.0,
    "moe_layers": [
      1,
      3,
      5,
      7,
      9,
      11,
      13,
      15,
      17,
      19,
      21,
      23,
      25,
      27
    ],
    "noise_std": 0.0,
    "hidden_size": 1536,
    "shared_intermediate_size": 4096,
    "routed_intermediate_size": 3072
  },
  "timestamp": "2026-06-06T17:47:05.622703+00:00",
  "results": {
    "gsm8k_accuracy": 0.5420773313115997,
    "mmlu_accuracy": 0.5540521293263068,
    "mmlu_per_subject": {
      "abstract_algebra": 0.35,
      "anatomy": 0.45925925925925926,
      "astronomy": 0.6381578947368421,
      "business_ethics": 0.66,
      "clinical_knowledge": 0.5962264150943396,
      "college_biology": 0.6527777777777778,
      "college_chemistry": 0.4,
      "college_computer_science": 0.5,
      "college_mathematics": 0.41,
      "college_medicine": 0.5433526011560693,
      "college_physics": 0.35294117647058826,
      "computer_security": 0.7,
      "conceptual_physics": 0.5319148936170213,
      "econometrics": 0.38596491228070173,
      "electrical_engineering": 0.6551724137931034,
      "elementary_mathematics": 0.47883597883597884,
      "formal_logic": 0.4523809523809524,
      "global_facts": 0.32,
      "high_school_biology": 0.7225806451612903,
      "high_school_chemistry": 0.5024630541871922,
      "high_school_computer_science": 0.61,
      "high_school_european_history": 0.21818181818181817,
      "high_school_geography": 0.7272727272727273,
      "high_school_government_and_politics": 0.694300518134715,
      "high_school_macroeconomics": 0.5948717948717949,
      "high_school_mathematics": 0.4185185185185185,
      "high_school_microeconomics": 0.6218487394957983,
      "high_school_physics": 0.3443708609271523,
      "high_school_psychology": 0.7724770642201835,
      "high_school_statistics": 0.4675925925925926,
      "high_school_us_history": 0.25980392156862747,
      "high_school_world_history": 0.7172995780590717,
      "human_aging": 0.6053811659192825,
      "human_sexuality": 0.6412213740458015,
      "international_law": 0.7272727272727273,
      "jurisprudence": 0.7592592592592593,
      "logical_fallacies": 0.6932515337423313,
      "machine_learning": 0.35714285714285715,
      "management": 0.7766990291262136,
      "marketing": 0.8376068376068376,
      "medical_genetics": 0.66,
      "miscellaneous": 0.6871008939974457,
      "moral_disputes": 0.615606936416185,
      "moral_scenarios": 0.2849162011173184,
      "nutrition": 0.6830065359477124,
      "philosophy": 0.639871382636656,
      "prehistory": 0.6049382716049383,
      "professional_accounting": 0.4432624113475177,
      "professional_law": 0.41003911342894395,
      "professional_medicine": 0.5661764705882353,
      "professional_psychology": 0.5522875816993464,
      "public_relations": 0.6272727272727273,
      "security_studies": 0.6775510204081633,
      "sociology": 0.7960199004975125,
      "us_foreign_policy": 0.74,
      "virology": 0.463855421686747,
      "world_religions": 0.7368421052631579
    }
  }
}