{
  "model_path": "moe/moe_qwen_gsm8k/final",
  "base_model": "moe/qwen_moe_init",
  "moe_config": {
    "num_experts": 3,
    "k": 2,
    "capacity_factor": 2.0,
    "moe_layers": [
      1,
      3,
      5,
      7,
      9,
      11,
      13,
      15,
      17,
      19,
      21,
      23,
      25,
      27
    ],
    "noise_std": 0.0,
    "hidden_size": 1536,
    "shared_intermediate_size": 4096,
    "routed_intermediate_size": 3072
  },
  "timestamp": "2026-06-05T01:17:58.983592+00:00",
  "results": {
    "gsm8k_accuracy": 0.5640636846095527,
    "mmlu_accuracy": 0.5319042871385843,
    "mmlu_per_subject": {
      "abstract_algebra": 0.32,
      "anatomy": 0.5111111111111111,
      "astronomy": 0.6842105263157895,
      "business_ethics": 0.63,
      "clinical_knowledge": 0.6150943396226415,
      "college_biology": 0.6111111111111112,
      "college_chemistry": 0.43,
      "college_computer_science": 0.39,
      "college_mathematics": 0.29,
      "college_medicine": 0.5433526011560693,
      "college_physics": 0.4019607843137255,
      "computer_security": 0.74,
      "conceptual_physics": 0.46808510638297873,
      "econometrics": 0.41228070175438597,
      "electrical_engineering": 0.6137931034482759,
      "elementary_mathematics": 0.4947089947089947,
      "formal_logic": 0.4126984126984127,
      "global_facts": 0.35,
      "high_school_biology": 0.6483870967741936,
      "high_school_chemistry": 0.4482758620689655,
      "high_school_computer_science": 0.58,
      "high_school_european_history": 0.21818181818181817,
      "high_school_geography": 0.6818181818181818,
      "high_school_government_and_politics": 0.689119170984456,
      "high_school_macroeconomics": 0.541025641025641,
      "high_school_mathematics": 0.37037037037037035,
      "high_school_microeconomics": 0.6428571428571429,
      "high_school_physics": 0.41721854304635764,
      "high_school_psychology": 0.7688073394495413,
      "high_school_statistics": 0.5231481481481481,
      "high_school_us_history": 0.25980392156862747,
      "high_school_world_history": 0.6835443037974683,
      "human_aging": 0.5605381165919282,
      "human_sexuality": 0.6030534351145038,
      "international_law": 0.7024793388429752,
      "jurisprudence": 0.6944444444444444,
      "logical_fallacies": 0.6748466257668712,
      "machine_learning": 0.38392857142857145,
      "management": 0.7281553398058253,
      "marketing": 0.8076923076923077,
      "medical_genetics": 0.6,
      "miscellaneous": 0.669220945083014,
      "moral_disputes": 0.6184971098265896,
      "moral_scenarios": 0.23798882681564246,
      "nutrition": 0.6078431372549019,
      "philosophy": 0.5755627009646302,
      "prehistory": 0.6265432098765432,
      "professional_accounting": 0.4574468085106383,
      "professional_law": 0.4061277705345502,
      "professional_medicine": 0.4963235294117647,
      "professional_psychology": 0.5098039215686274,
      "public_relations": 0.5636363636363636,
      "security_studies": 0.6163265306122448,
      "sociology": 0.746268656716418,
      "us_foreign_policy": 0.71,
      "virology": 0.42771084337349397,
      "world_religions": 0.6900584795321637
    }
  }
}