{
  "model_path": "moe/moe_qwen_gsm8k/final",
  "base_model": "moe/qwen_moe_init",
  "moe_config": {
    "num_experts": 3,
    "k": 2,
    "capacity_factor": 2.0,
    "moe_layers": [
      1,
      3,
      5,
      7,
      9,
      11,
      13,
      15,
      17,
      19,
      21,
      23,
      25,
      27
    ],
    "noise_std": 0.0,
    "hidden_size": 1536,
    "shared_intermediate_size": 4096,
    "routed_intermediate_size": 3072
  },
  "timestamp": "2026-06-07T04:38:24.459217+00:00",
  "results": {
    "gsm8k_accuracy": 0.6125852918877938,
    "mmlu_accuracy": 0.5537672696197123,
    "mmlu_per_subject": {
      "abstract_algebra": 0.35,
      "anatomy": 0.45925925925925926,
      "astronomy": 0.6381578947368421,
      "business_ethics": 0.66,
      "clinical_knowledge": 0.5811320754716981,
      "college_biology": 0.6597222222222222,
      "college_chemistry": 0.4,
      "college_computer_science": 0.51,
      "college_mathematics": 0.39,
      "college_medicine": 0.5606936416184971,
      "college_physics": 0.37254901960784315,
      "computer_security": 0.72,
      "conceptual_physics": 0.5319148936170213,
      "econometrics": 0.39473684210526316,
      "electrical_engineering": 0.6482758620689655,
      "elementary_mathematics": 0.48677248677248675,
      "formal_logic": 0.42857142857142855,
      "global_facts": 0.31,
      "high_school_biology": 0.7193548387096774,
      "high_school_chemistry": 0.5123152709359606,
      "high_school_computer_science": 0.64,
      "high_school_european_history": 0.21818181818181817,
      "high_school_geography": 0.7272727272727273,
      "high_school_government_and_politics": 0.7098445595854922,
      "high_school_macroeconomics": 0.5820512820512821,
      "high_school_mathematics": 0.37777777777777777,
      "high_school_microeconomics": 0.6092436974789915,
      "high_school_physics": 0.33774834437086093,
      "high_school_psychology": 0.763302752293578,
      "high_school_statistics": 0.46296296296296297,
      "high_school_us_history": 0.2647058823529412,
      "high_school_world_history": 0.7172995780590717,
      "human_aging": 0.6143497757847534,
      "human_sexuality": 0.6335877862595419,
      "international_law": 0.7272727272727273,
      "jurisprudence": 0.75,
      "logical_fallacies": 0.6993865030674846,
      "machine_learning": 0.39285714285714285,
      "management": 0.7669902912621359,
      "marketing": 0.8376068376068376,
      "medical_genetics": 0.67,
      "miscellaneous": 0.6819923371647509,
      "moral_disputes": 0.6242774566473989,
      "moral_scenarios": 0.28938547486033517,
      "nutrition": 0.6797385620915033,
      "philosophy": 0.6302250803858521,
      "prehistory": 0.6111111111111112,
      "professional_accounting": 0.4574468085106383,
      "professional_law": 0.41590612777053454,
      "professional_medicine": 0.5588235294117647,
      "professional_psychology": 0.5441176470588235,
      "public_relations": 0.6272727272727273,
      "security_studies": 0.6775510204081633,
      "sociology": 0.7910447761194029,
      "us_foreign_policy": 0.73,
      "virology": 0.46987951807228917,
      "world_religions": 0.7426900584795322
    }
  }
}