{
  "model_path": "./sft_qwen_gsm8k/final",
  "timestamp": "2026-05-28T07:20:57.890128+00:00",
  "benchmarks": [
    "gsm8k",
    "mmlu"
  ],
  "results": {
    "gsm8k": {
      "accuracy": 0.5693707354056103,
      "num_fewshot": 0,
      "dataset": "openai/gsm8k (test)"
    },
    "mmlu": {
      "accuracy": 0.5843184731519726,
      "num_fewshot": 5,
      "num_subjects": 57,
      "per_subject": {
        "abstract_algebra": 0.34,
        "anatomy": 0.4962962962962963,
        "astronomy": 0.7368421052631579,
        "business_ethics": 0.73,
        "clinical_knowledge": 0.6528301886792452,
        "college_biology": 0.6527777777777778,
        "college_chemistry": 0.44,
        "college_computer_science": 0.49,
        "college_mathematics": 0.41,
        "college_medicine": 0.6358381502890174,
        "college_physics": 0.4215686274509804,
        "computer_security": 0.79,
        "conceptual_physics": 0.5702127659574469,
        "econometrics": 0.43859649122807015,
        "electrical_engineering": 0.6482758620689655,
        "elementary_mathematics": 0.47883597883597884,
        "formal_logic": 0.42063492063492064,
        "global_facts": 0.29,
        "high_school_biology": 0.7612903225806451,
        "high_school_chemistry": 0.5073891625615764,
        "high_school_computer_science": 0.63,
        "high_school_european_history": 0.21818181818181817,
        "high_school_geography": 0.7929292929292929,
        "high_school_government_and_politics": 0.7668393782383419,
        "high_school_macroeconomics": 0.6692307692307692,
        "high_school_mathematics": 0.3962962962962963,
        "high_school_microeconomics": 0.6890756302521008,
        "high_school_physics": 0.3841059602649007,
        "high_school_psychology": 0.8073394495412844,
        "high_school_statistics": 0.48148148148148145,
        "high_school_us_history": 0.2647058823529412,
        "high_school_world_history": 0.7637130801687764,
        "human_aging": 0.6457399103139013,
        "human_sexuality": 0.7022900763358778,
        "international_law": 0.7520661157024794,
        "jurisprudence": 0.7870370370370371,
        "logical_fallacies": 0.7177914110429447,
        "machine_learning": 0.375,
        "management": 0.8349514563106796,
        "marketing": 0.8290598290598291,
        "medical_genetics": 0.7,
        "miscellaneous": 0.7318007662835249,
        "moral_disputes": 0.6820809248554913,
        "moral_scenarios": 0.2569832402234637,
        "nutrition": 0.7026143790849673,
        "philosophy": 0.6591639871382636,
        "prehistory": 0.6759259259259259,
        "professional_accounting": 0.46808510638297873,
        "professional_law": 0.439374185136897,
        "professional_medicine": 0.5992647058823529,
        "professional_psychology": 0.5866013071895425,
        "public_relations": 0.7272727272727273,
        "security_studies": 0.7020408163265306,
        "sociology": 0.7860696517412935,
        "us_foreign_policy": 0.78,
        "virology": 0.4819277108433735,
        "world_religions": 0.8070175438596491
      }
    }
  }
}